<?xml version="1.0" encoding="UTF-8"?>
<project-private xmlns="http://www.netbeans.org/ns/project-private/1">
    <editor-bookmarks xmlns="http://www.netbeans.org/ns/editor-bookmarks/2" lastBookmarkId="0"/>
    <open-files xmlns="http://www.netbeans.org/ns/projectui-open-files/2">
        <group>
            <file>file:/C:/Users/RC_Student_lab/Documents/NetBeansProjects/Poe_Part2/src/poe_part2/Registration.java</file>
            <file>file:/C:/Users/RC_Student_lab/Documents/NetBeansProjects/Poe_Part2/src/poe_part2/TaskDetails.java</file>
            <file>file:/C:/Users/RC_Student_lab/Documents/NetBeansProjects/Poe_Part2/src/poe_part2/Login.java</file>
            <file>file:/C:/Users/RC_Student_lab/Documents/NetBeansProjects/Poe_Part2/src/poe_part2/Task.java</file>
        </group>
    </open-files>
</project-private>
